code,name
,
大立光,3008
矽力-KY,6415
精測,6510
信驊,5274
旭隼,6409
和泰車,2207
祥碩,5269
譜瑞-KY,4966
緯穎,6669
精華,1565
亞德客-KY,1590
寶雅,5904
聯發科,2454
玉晶光,3406
儒鴻,1476
川湖,2059
鈊象,3293
國巨,2327
環球晶,6488
M31,6643
力旺,3529
大江,8436
統一超,2912
台積電,2330
研華,2395
新普,6121
嘉澤,3533
璟德,3152
穩懋,3105
裕日車,2227
群聯,8299
牧德,3563
富邦媒,8454
瓦城,2729
億豐,8464
數字,5287
上銀,2049
創意,3443
樺漢,6414
聯亞,3081
可成,2474
鼎翰,3611
日友,8341
為升,2231
大地-KY,8437
麗豐-KY,4137
華碩,2357
神盾,6462
瑞昱,2379
,
德麥,1264
貿聯-KY,3665
全家,5903
聯詠,3034
巨大,9921
是方,6561
超眾,6230
鮮活果汁-KY,1256
弘塑,3131
金可-KY,8406
康友-KY,6452
世芯-KY,3661
雙鴻,3324
崑鼎,6803
耕興,6146
豐泰,9910
葡萄王,1707
雍智科技,6683
柏文,8462
健策,3653
宏觀,6568
家登,3680
昂寶-KY,4947
倉和,6538
復盛應用,6670
羅麗芬-KY,6666
聖暉,5536
長華,8070
華新科,2492
漢唐,2404
晶碩,6491
智崴,5263
美利達,9914
智伸科,4551
晶華,2707
立積,4968
康控-KY,4943
矽創,8016
醫揚,6569
一零四,3130
保瑞,6472
京鼎,3413
勝麗,6238
南寶,4766
智邦,2345
鈺太科技,6679
美律,2439
可寧衛,8422
朋億,6613
六角,2732
,
宜鼎,5289
聚陽,1477
統新,6426
廣越,4438
廣隆,1537
瑞穎,8083
聯茂,6213
台達電,2308
致茂,2360
泰昇-KY,8480
商億-KY,8482
浩鼎,4174
中租-KY,5871
漢來美食,1268
台燿,6274
臻鼎-KY,4958
伸興,1558
中裕,4147
鐿鈦,4163
訊芯-KY,6451
尚凡,5278
同欣電,6271
南六,6504
邦特,4107
原相,3227
晶心科,6533
三貝德,8489
鈺齊-KY,9802
駐龍,4572
拓凱,4536
泰博,4736
豐祥-KY,5288
華研,8446
神準,3558
大統益,1232
美食-KY,2723
茂林-KY,4935
中碳,1723
健鼎,3044
台光電,2383
新日興,3376
致新,8081
安碁資訊,6690
生展,8279
瑞儀,6176
全新,2455
信邦,3023
裕融,9941
台灣大,3045
材料-KY,4763
,
台數科,6464
實威,8416
網家,8044
聯德控股-KY,4912
誠品生活,2926
中華電,2412
碩禾,3691
聚積,3527
VHQ-KY,4803
杰力,5299
碩天,3617
和大,1536
台表科,6278
訊連,5203
藥華藥,6446
劍麟,2228
旭富,4119
豆府,2752
台郡,6269
美時,1795
台勝科,3532
新麥,1580
凱羿-KY,2939
GIS-KY,6456
宏捷科,8086
大中,6435
BP上證50,008201
杏昌,1788
勤崴,6516
桂盟,5306
鼎炫-KY,8499
佐登-KY,4190
緯軟,4953
眾達-KY,4977
奇力新,2456
禾伸堂,3026
振樺電,8114
智基,6294
崇越,5434
禾聯碩,5283
豐達科,3004
台塑,1301
大宇資,6111
台塑化,6505
智易,3596
力成,6239
瑞祺電通,6416
英利-KY,2239
華固,2548
興勤,2428
,
霈方,6574
奈米醫材,6612
朋程,8255
元大台灣50,0050
騰輝電子-KY,6672
大塚,3570
震旦行,2373
晶焱,6411
泰碩,3338
晶睿,3454
中華食,4205
喬山,1736
勝一,1773
博智,8155
昇達科,3491
晶相光,3530
皇田,9951
群光,2385
鴻海,2317
宇峻,3546
新鉅科,3630
義隆,2458
寶齡富錦,1760
中保,9917
台化,1326
直得,1597
中美晶,5483
宏正,6277
信錦,1582
西柏,3541
淘帝-KY,2929
鋼聯,6581
桓達,4549
閎康,3587
雙美,4728
易華電,6552
東洋,4105
微星,2377
達興材料,5234
生泰,1777
鑫永銓,2114
大銀微系統,4576
信紘科,6667
大樹,6469
傳奇,4994
勤誠,8210
友通,2397
長虹,5534
迅得,6438
上緯投控,3708
,
王品,2727
智冠,5478
東生華,8432
宣德,5457
太醫,4126
揚明光,3504
聰泰,5474
兆利,3548
網龍,3083
華廣,4737
達爾膚,6523
大車隊,2640
三圓,4416
台微體,4152
百和,9938
凡甲,3526
亞光,3019
華擎,3515
雄獅,2731
安心,1259
安勤,3479
茂達,6138
日月光投控,3711
潤泰全,2915
力山,1515
中磊,5388
來思達,8066
精誠,6214
帆宣,6196
啟碁,6285
波力-KY,8467
互動,6486
科妍,1786
博大,8109
遠傳,4904
慧智,6615
南亞科,2408
胡連,6279
統一,1216
杏一,4175
創見,2451
世界,5347
研揚,6579
巨路,6192
康普,4739
世德,2066
花仙子,1730
世紀鋼,9958
南亞,1303
鈞興-KY,4571
芮特-KY,6514
,
安成藥,4180
美吉吉-KY,8466
飛捷,6206
旭暉應材,6698
興能高,6558
智擎,4162
永新-KY,4557
中揚光,6668
寬宏藝術,6596
永記,1726
茂順,9942
好樂迪,9943
和碩,4938
科嘉-KY,5215
良維,6290
宇隆,2233
崇越電,3388
大學光,3218
環宇-KY,4991
同致,3552
美琪瑪,4721
中砂,1560
佳格,1227
昇陽半導體,8028
隆中,6542
寶島科,5312
森鉅,8942
盛群,6202
力致,3483
優群,3217
雙鍵,4764
旺矽,6223
鴻準,2354
富邦科技,0052
勁豐,6577
全國電,6281
地心引力,3629
聚鼎,6224
政伸,8481
卜蜂,1215
卓越,2496
中信乙特,2891B 
IET-KY,4971
韋僑,6417
基士德-KY,6641
群翊,6664
富邦特,2881A
捷敏-KY,6525
綠河-KY,8444
精材,3374
,
普萊德,6263
科際精密,4568
愛普,6531
大億,1521
新至陞,3679
鑫創電子,6680
龍巖,5530
富邦乙特,2881B
國泰特,2882A
國泰乙特,2882B
廣華-KY,1338
撼訊,6150
群電,6412
界霖,5285
生華科,6492
立端,6245
永大,1507
永冠-KY,1589
基亞,3176
頎邦,6147
順達,3211
辛耘,3583
恒耀,8349
弘帆,8433
致伸,4915
逸達,6576
系微,6231
廣達,2382
富林-KY,1341
由田,3455
晟德,4123
信昌電,6173
台聯電,4905
順德,2351
益安,6499
翔名,8091
謚源,2235
雅茗-KY,2726
崇友,4506
科誠,4987
潤弘,2597
潤隆,1808
富邦摩台,0057
瑞基,4171
前鼎,4908
宏全,9939
帝寶,6605
橘子,6180
至寶電,3226
,
虹冠電,3257
匯鑽科,8431
三顧,3224
艾訊,3088
永豐臺灣加權,006204
東科-KY,5225
健信,4502
友華,4120
華立,3010
佰研,3205
申豐,6582
台新戊特,2887E
融程電,3416
惠普,8424
TPK-KY,3673
聯邦甲特,2838A
元大期,6023
遠雄來,2712
威宏-KY,8442
茂生農經,1240
江申,1525
程泰,1583
和進,3191
豐興,2015
佳醫,4104
國碳科,4754
動力-KY,6591
錸寶,8104
智原,3035
亞泰,4974
海悅,2348
互盛電,2433
天正國際,6654
建榮,5340
敦陽科,2480
威強電,3022
聯鈞,3450
時碩工業,4566
日電貿,3090
景碩,3189
欣泰,8917
德律,3030
雲品,2748
三星,5007
威剛,3260
富邦台50,006208
鉅邁,8435
jpp-KY,5284
技嘉,2376
晶達,4995
,
南僑,1702
江興鍛,4528
中聯資源,9930
聯廣,8497
強信-KY,4560
鑽全,1527
泰金-KY,6629
業強,6124
上海商銀,5876
維熹,3501
祺驊,1593
鎧勝-KY,5264
威潤,6465
台半,5425
曜亞,4138
光寶科,2301
山林水,8473
南電,8046
元大台灣50正2,00631L
氣立,4555
華通,2313
富邦發達,0058
富邦金融,0059
嘉晶,3016
波若威,3163
利勤,4426
禾瑞亞,3556
泰福-KY,6541
必應,6625
世禾,3551
豪展,4735
台肥,1722
南港,2101
FH富時高息低波,00731
欣雄,8908
凱美,5317
全球,4540
新鼎,5209
櫻花,9911
勝品,6556
慶生,6210
茂訊,3213
興富發,2542
新唐,4919
凌華,6166
神基,3005
亞泥,1102
潤泰新,9945
百德,4563
宇智,6470
,
達邁,3645
東隆興,4401
光隆,8916
元翎,4564
健和興,3003
富邦上証正2,00633L
大田,8924
昭輝,1339
先進光,3362
新光投等債15+,00775B
聯合,4129
慶豐富,9935
台虹,8039
益張,8342
廣積,8050
東哥遊艇,8478
大毅,2478
超豐,2441
尼克森,3317
台名,5878
三福化,4755
富邦金,2881
東陽,1319
士電,1503
大綜,3147
高力,8996
關中,8941
金居,8358
南光,1752
正崴,2392
晶技,3042
欣興,3037
訊聯,1784
均華,6640
理銘,6212
達新,1315
福興,9924
潤泰材,8463
國泰臺灣加權正2,00663L
萬年清,6624
嘉彰,4942
台耀,4746
合富-KY,4745
泰鼎-KY,4927
晉泰,6221
鎰勝,6115
元大MSCI台灣,006203
鴻碩,3092
群益期,6024
台生材,6649
文曄,3036
矽瑪,3511
德微,3675
承業醫,4164
新紡,1419
立隆電,2472
,
世豐,2065
永信,3705
全國,9937
長園科,8038
鑫禾,4999
瀚宇博,5469
宜特,3289
建準,2421
久元,6261
國泰金,2882
台泥,1101
六暉-KY,2115
敦吉,2459
高技,5439
新海,9926
正新,2105
聯陽,3014
嘉威,3557
中菲,5403
百和興業-KY,8404
明安,8938
上奇,6123
全宇生技-KY,4148
大成,1210
聯華食,1231
萬潤,6187
立康,6242
振曜,6143
金麗科,3228
廣明,6188
創業家,8477
智寶,2375
邑錡,7402
友銓,5321
安力-KY,5223
達方,8163
順藥,6535
岱宇,1598
歐買尬,3687
科定,6655
樂斯科,6662
聿新科,4161
國泰US短期公債,00865B
特昇-KY,6616
,
富邦NASDAQ正2,00670L
綠悅-KY,1262
大豐電,6184
元大電子,0053
元大S&P500正2,00647L
馬光-KY,4139
中光電,5371
奇鋐,3017
強生,4747
維田,6570
新光中國政金綠債,00774B
中華,2204
新產,2850
榮昌,3684
寶成,9904
德勝,8048
台興,3426
唐榮,2035
盟立,2464
天鈺,4961
鉅明,8928
基勝-KY,8427
廣錠,6441
明基醫,4116
嘉里大榮,2608
皇翔,2545
科懋,6496
國泰RMB短期報酬,00732
大量,3167
幸康,3332
佳邦,6284
敦南,5305
德英,4911
遠雄,5522
錩泰,1541
川寶,1595
天仁,1233
鳳凰,5706
海韻電,6203
宏佳騰,1599
國泰日本正2,00658L
中連貨,5604
力達-KY,4552
大聯大,3702
中探針,6217
藍天,2362
華祺,5015
中鼎,9933
安馳,3528
捷迅,2643
,
世坤,4305
新保,9925
興采,4433
世鎧,2063
詩肯,6195
伍豐,8076
聯強,2347
根基,2546
鈺邦,6449
志超,8213
亞信,3169
楠梓電,2316
車王電,1533
衡平,8934
光聖,6442
關貿,6183
通泰,5487
千附,8383
宇瞻,8271
新盛力,4931
欣高,9931
華友聯,1436
新巨,2420
京元電子,2449
霹靂,8450
台灣高鐵,2633
寬魚國際,6101
精元,2387
大洋,1321
乙盛-KY,5243
福懋油,1225
三能-KY,6671
富致,6642
金山電,8042
聯華,1229
中化生,1762
宏達電,2498
金洲,4417
亞弘電,6201
晟楠,3631
泓格,3577
嘉聯益,6153
凱撒衛,1817
久威,6114
矽格,6257
宏和,1446
志豐,3206
聚碩,6112
南茂,8150
長華科,6548
元大中型100,0051
,
上詮,3363
豐藝,6189
三聯,5493
億光,2393
佳必琪,6197
福懋科,8131
營邦,3693
旺宏,2337
凌通,4952
九齊,6494
裕民,2606
迅德,6292
漢平,2488
永裕,1323
欣天然,9918
生達,1720
光環,3234
佳穎,3310
福懋,1434
盈正,3628
事欣科,4916
鈦昇,8027
創惟,6104
東碩,3272
祥業,3465
中宇,1535
紅馬-KY,2928
耀億,4430
同亨,5490
凌網,5212
訊映,4155
永信建,5508
欣普羅,6560
合晶,6182
亞通,6179
皇將,4744
國泰中國A50正2,00655L
類比科,3438
全達,8068
晶電,2448
新潤,6186
彩富,5489
京城銀,2809
蜜望實,8043
新揚科,3144
旭然,4556
青雲,5386
和勤,1586
富邦NASDAQ,00662
,
瑞耘,6532
燿華,2367
黑松,1234
冠德,2520
冠西電,2466
應華,5392
松翰,5471
其陽,3564
聚紡,4429
臺鹽,1737
東明-KY,5538
元大上證50,006206
堡達,3537
力泰,5520
邁達康,9960
威盛,2388
晶豪科,3006
泰銘,9927
光罩,2338
元大台灣高息低波,00713
元太,8069
金穎生技,1796
士紙,1903
鈺緯,4153
漢翔,2634
光明,4420
協益,5356
大台北,9908
京城,2524
信義,9940
今展科,6432
盛弘,8403
敬鵬,2355
勤美,1532
利機,3444
惠光,6508
禾昌,6158
奇偶,3356
德昌,5511
能緹,3512
神腦,2450
湯石照明,4972
承啟,2425
中橡,2104
南染,1410
上福,6128
國泰美國道瓊,00668
建大,2106
麗清,3346
泓瀚,4741
,
中航,2612
富邦上証,006205
富邦印度正2,00653L
弘煜科,6482
淳安,6283
智晶,5245
大甲,2221
國賓,2704
兆豐金,2886
零壹,3029
加百裕,3323
崧騰,3484
三洋電,1614
星寶國際,6130
康樂-KY,4154
點序,6485
正淩,8147
大成鋼,2027
元大日經225,00661
聯一光,3441
普鴻,6590
杏國,4192
山隆,2616
慧洋-KY,2637
南帝,2108
中和,1439
華電,1603
好德,3114
遠東新,1402
艾美特-KY,1626
至上,8112
昱泉,6169
晶宏,3141
柏騰,3518
三洋紡,1472
松和,5016
大國鋼,8415
台汽電,8926
櫻花建,2539
東凌-KY,2924
堤維西,1522
高僑,6234
紘康,6457
鋐寶科技,6674
日成-KY,4807
大拓-KY,8455
友威科,3580
國泰日經225,00657
元大S&P500,00646
銘旺科,2429
宅配通,2642
緯創,3231
,
華宏,8240
總太,3056
笙科,5272
康聯-KY,4144
明揚,8420
合一,4743
亞崴,1530
創源,4160
勤凱,4760
良得電,2462
寶利徠,1813
漢科,3402
大洋-KY,5907
遠雄港,5607
瀧澤科,6609
銘鈺,4545
台星科,3265
華城,1519
神隆,1789
達麗,6177
萬達光電,5220
美隆電,2477
隴華,2424
公準,3178
僑威,3078
遠見,3040
今國光,6209
虹堡,5258
神達,3706
宏致,3605
元大高股息,0056
新光鋼,2031
辣椒,4946
凱衛,5201
台康生技,6589
五鼎,1733
居易,6216
橋椿,2062
揚博,2493
至興,4535
位速,3508
欣銓,3264
國精化,4722
精湛,2070
森田,8410
新漢,8234
邑昇,5291
FH香港正2,00650L
,
玉山金,2884
日揚,6208
三發地產,9946
進階,3118
陽程,3498
鈞寶,6155
沛波,6248
長佳,4550
港建,3093
高端疫苗,6547
富宇,4907
建新國際,8367
富鼎,8261
台嘉碩,3221
統領,2910
夠麻吉,8472
昇益,5455
偉訓,3032
光頡,3624
閎暉,3311
味王,1203
東元,1504
重鳥鵬,3555
亞諾法,4133
固緯,2423
台聯櫃,5601
加高,8182
台船,2208
育富,6194
通嘉,3588
得力,1464
福盈科,1787
濱川,1569
穎漢,4562
聯嘉,6288
遠百,2903
慕康生醫,5398
台灣銘板,6593
敦泰,3545
長興,1717
允強,2034
偉詮電,2436
中菲行,5609
十銓,4967
友輝,4933
瀚荃,8103
光磊,2340
健亞,4130
蔚華科,3055
鼎固-KY,2923
,
元大歐洲50,00660
湧德,3689
濟生,4111
漢磊,3707
科嶠,4542
岳豐,6220
亞翔,6139
競國,6108
中壽,2823
國光生,4142
強新,5013
強茂,2481
品安,8088
光麗-KY,6431
晟田,4541
九暘,8040
正文,4906
志聖,2467
先豐,5349
幃翔,6185
詮欣,6205
雷笛克光學,5230
岱稜,3303
金雨,4503
勤益控,1437
易發,6425
大汽電,8931
誠泰科技,4767
曜越,3540
雃博,4106
夏都,2722
富邦恒生國企正2,00665L
寒舍,2739
健喬,4114
雷科,6207
光菱,8032
國泰20年美債正2,00688L
方土霖,4527
景岳,3164
味全,1201
廣宇,2328
元大全球AI,00762
國泰北美科技,00770
佳凌,4976
百達-KY,2236
中鋼構,2013
旭軟,3390
元大美債20正2,00680L
和康生,1783
橙的,4554
,
昇貿,3305
日馳,1526
富堡,8929
駿吉-KY,1591
東鹼,1708
台橡,2103
安克,4188
大華,9905
康師傅-DR,910322
艾華,6204
華星光,4979
元大台商50,0054
富邦印度,00652
三芳,1307
台驊投控,2636
匯僑,2904
大峽谷-KY,5281
亞都,5703
中信中國50正2,00753L
立萬利,3054
鉅祥,2476
中鋼,2002
元創精密,3685
榮科,4989
康舒,6282
FH美國金融股,00767 
國泰臺灣低波動30,00701
欣欣,2901
磐儀,3594
健椿,4561
群益NBI生技,00678
老爺知,5704
兆豐藍籌30,00690
達邦蛋白,6578
虹揚-KY,6573
台南,1473
富邦公司治理,00692
英業達,2356
第一金,2892
全坤建,2509
FH滬深,006207
愛山林,2540
中信中國50,00752
彰銀,2801
華晶科,3059
瑞智,4532
台揚,2314
泰山,1218
先益,3531
尖點,8021
,
單井,3490
東和鋼鐵,2006
順天,5525
安集,6477
同開,3018
新光ICE美國權值,00776
茂綸,6227
元大臺灣ESG永續,00850
宏璟,2527
泰詠,6266
大億金茂,8107
精技,2414
怡利電,2497
逸昌,3567
紅木-KY,8426
兆勁,2444
FH彭博新興債,00711B
宏盛,2534
羅昇,8374
均豪,5443
富邦日本正2,00640L
國泰AI+Robo,00737
兆豐電菁英30N,020004
千如,3236
群益道瓊美國地產,00714
西勝,3625
永昕,4726
廣穎,4973
佳世達,2352
富邦日本,00645
明泰,3380
宏普,2536
永豐外資50N,020005
集雅社,2937
鴻翊,3521
中信金,2891
菱光,8249
華南金,2880
興泰,1235
凱基臺灣500N,020007
大同,2371
光洋科,1785
信立,4303
新光內需收益,00742
統一FANG,00757
柏承,6141
旺旺保,2816
國泰標普低波高息,00702
年興,1451
豪勉,6218
,
三商,2905
晶彩科,3535
永昌中小300N,020006
中興電,1513
鼎天,3306
五福,2745
國泰中國A50,00636
元大S&P黃金,00635U
希華,2484
展旺,4167
元大S&P黃金正2,00708L
台新全球AI,00851
東聯,1710
三陽工業,2206
立敦,6175
保綠-KY,8423
台苯,1310
久裕,4173
全漢,3015
展匯科,6594
崇佑-KY,5543
晶采,8049
達欣工,2535
駿熠電,3642
第一金工業30,00728
所羅門,2359
綠意,2596
富邦歐洲,00709
華夏,1305
台產,2832
增你強,3028
協禧,3071
國建,2501
合庫金,5880
其祥-KY,1258
陞泰,8072
特力,2908
FH彭博高收益債,00710B
百容,2483
台蠟,1742
星通,3025
全科,3209
元大US高息特別股,00771
元大MSCI A股,00739
華頓S&P布蘭特正2,00715L
國眾,5410
國泰中國A150,00743
致振,3466
太景*-KY,4157
晶悅,2718
,
穆拉德加捷,4109
晉倫,6151
互億,6172
元山,6275
台境,8476
捷波,6161
永崴投控,3712
客思達-KY,2936
國泰臺韓科技,00735
聲寶,1604
光群雷,2461
台新MSCI中國,00703
嘉泥,1103
鑫聯大投控,3709
醣聯,4168
鑫科,3663
天剛,5310
元大S&P日圓反1,00707R
兆赫,2485
亞銳士,6171
元大韓國,00667
國泰新興市場,00736
元大金,2885
春雨,2012
FH香港,00649
巨庭,1539
銘旺實,4432
新光ShillerCAPE,00866
元大美元指數正2,00683L
大統染,1470
捷邦,1566
富邦恒生國企,00700
元大美元指數,00682U
富邦美國特別股,00717
盛餘,2029
富爾特,6136
元大全球未來通訊,00861
喬福,1540
三豐,5514
台紙,1902
益登,3048
富邦臺灣中小,00733
台新MSCI台灣反1,00705R
皇普,2528
巨虹,8084
台林,5353
華園,2702
合勤控,3704
洋華,3622
元大道瓊白銀,00738U
仲琦,2419
,
中化,1701
杏輝,1734
宏森,3522
中再保,2851
達威,5432
安鈦克,6276
益得,6461
冠好,8354
裕隆,2201
富邦臺灣加權正2,00675L
倉佑,1568
欣技,6160
厚生,2107
錩新,2415
正隆,1904
大恭,4706
台新MSCI台灣正2,00704L
興農,1712
仁寶,2324
富晶通,3623
運錩,2069
環泥,1104
信大,1109
寶聯通,5450
新復興,4909
鉅橡,8074
名軒,1442
懷特,4108
福永生技,4183
元大MSCI金融,0055
隆達,3698
滿心,2916
雙邦,6506
聚和,6509
國統,8936
元大美元指數反1,00684R
遠昇,3089
永彰,4523
榮剛,5009
國票道瓊銅,00763U
尚立,3360
寶一,8222
金益鼎,8390
佳龍,9955
萬海,2615
台航,2617
亞航,2630
東林,3609
第一金工業30反1,00729R
,
宏益,1452
長盛,3492
蒙恬,5211
FH富時不動產,00712
國喬,1312
茂矽,2342
資通,2471
萬在,4543
富邦臺灣優質高息,00730
全台,3038
樺晟,3202
揚智,3041
建漢,3062
海華,3694
譁裕,3419
福壽,1219
國化,1713
宏碁,2353
定穎,6251
明基材,8215
成霖,9934
吉源-KY,8488
威健,3033
英瑞-KY,1592
大世科,8099
元大寶滬深,0061
坤悅,5206
元大S&P日圓正2,00706L
建碁,3046
元大滬深300正2,00637L
亞昕,5213
欣巴巴,9906
新麗,9944
東浦,3290
華邦電,2344
燦坤,2430
日勝化,1735
光耀,3666
大詠城,4538
淳紳,4529
光聯,5315
捷泰,6165
谷崧,3607
元大S&P黃金反1,00674R
亞力,1514
博磊,3581
富邦中証500,00783
東泥,1110
榮創,3437
艾恩特,3646
東台,4526
鑫龍騰,3188
,
環天科,3499
群益臺灣加權正2,00685L
國泰美國道瓊正2,00852L
亞電,4939
東捷,8064
創威,6530
詠昇,6418
萬泰科,6190
力麗店,5364
花王,8906
大山,1615
毅嘉,2402
永日,4102
驊訊,6237
聯傑,3094
精聯,3652
佳能,2374
精成科,6191
圓展,3669
微端,3285
華頓S&P布蘭特反1,00716R
元大S&P石油,00642U
同泰,3321
聯光通,4903
北基,8927
熱映,3373
海灣,3252
國泰費城半導體,00830
華電網,6163
樂士,1529
凌群,2453
農林,2913
律勝,3354
佰鴻,3031
富旺,6219
國泰20年美債反1,00689R
常珵,8097
弘憶股,3312
新興,2605
裕國,8905
元大美債20反1,00681R
皇鼎,5533
龍燈-KY,4141
華建,2530
隆大,5519
華韡,5481
鴻名,3021
永光,1711
台通,8011
,
華泰,2329
亞聚,1308
安泰銀,2849
國揚,2505
恆大,1325
吉茂,1587
金像電,2368
龍邦,2514
昇陽,3266
勝悅-KY,1340
啟發電,6512
富強,5102
第一店,2706
環科,2413
美亞,2020
精星,8183
安碁,6174
聯電,2303
英濟,3294
川飛,1516
泰藝,8289
研通,6229
悅城,6405
高林股,1531
萬國通,9950
凱碩,8059
久陽,5011
六福,2705
鑫創,3259
和椿,6215
勝德,3296
華票,2820
斐成,3313
元禎,1725
旺玖,6233
力新,5202
九豪,6127
倍微,6270
倚強,3219
中櫃,2613
安可,3615
統振,6170
達運,6120
廣運,6125
昱捷,3232
展宇,1776
正道,1506
華頓S&P黃豆,00693U
偉全,1465
霖宏,5464
立凱-KY,5227
時報,8923
,
福貞-KY,8411
商之器,8409
聯穎,3550
合騏,8937
南仁湖,5905
元大S&P原油正2,00672L
元大S&P原油反1,00673R
台翰,1336
康聯訊,3672
捷必勝-KY,8418
智捷,8176
大立,4716
榮運,2607
台新金,2887
中天,4128
兆豐藍籌30反1,00691R
風青,2061
廷鑫,2358
第一保,2852
元富新中國N,020002
永捷,4714
寶島極,3115
華新,1605
松崗,6240
天品,6199
能率網通,8071
永純,4711
太普高,3284
晟銘電,3013
凌巨,8105
順發,6154
長榮航,2618
泰茂,2230
普安,2495
宜進,1457
大眾控,3701
宏大,8932
松上,6156
富驊,5465
光鋐,4956
洛碁,8077
新洲,3171
富邦日本反1,00641R
統一證,2855
聯上,4113
東友,5438
雙喜,5516
,
德淵,4720
銘異,3060
富邦恒生國企反1,00666R
上曜,1316
晉椿,2064
高野,2736
安國,8054
鼎元,2426
台聚,1304
全域,3067
元大富櫃50,006201
廣豐,1416
力肯,1570
天鉞電,5251
沈氏,8921
秋雨,9929
國產,2504
杭特,3297
青鋼,8930
全銓,8913
迎廣,6117
夆典,3052
萬企,2701
美吾華,1731
強盛,1463
富邦印度反1,00654R
綠電,8440
寶得利,5301
泰豐,2102
和鑫,3049
欣陸,3703
台端,3432
榮成,1909
寶隆,1906
和益,1709
台南-KY,5906
大展證,6020
裕豐,1438
泰偉,3064
永豐餘,1907
昇銳,3128
永豐金,2890
精英,2331
凌陽,2401
耀勝,3207
信音,6126
華孚,6235
宏旭-KY,2243
台硝,1724
浩鑫,2405
宏亞,1236
艾笛森,3591
宏齊,6168
,
旭源,8421
金利,5383
點晶,3288
信昌化,4725
唐鋒,4609
友訊,2332
國碩,2406
怡華,1456
臺企銀,2834
基泰,2538
晟鈦,3229
長榮,2603
華經,2468
高興昌,2008
凱崴,5498
擎邦,6122
優盛,4121
南璋,4712
富喬,1815
連宇,2482
彰源,2030
榮星,1617
炎洲,4306
同協,5460
泰聚亨-DR,911622
越峰,8121
高鋒,4510
哲固,3434
亞帝歐,3516
大略-KY,4804
元大滬深300反1,00638R
振維,3520
遠東銀,2845
精確,3162
如興,4414
中釉,1809
天宇,8171
沛亨,6291
群益深証中小,00643
達輝-KY,5276
國泰臺灣加權反1,00664R
台中銀,2812
振發,5426
大慶證,6021
凌泰,6198
統一實,9907
研勤,3632
金寶,2312
,
中華化,1727
海德威,3268
琉園,9949
新天地,8940
日勝生,2547
旭品,3325
國泰美國道瓊反1,00669R
新纖,1409
豐謙,5523
映泰,2399
三商壽,2867
白紗科,8401
聯昌,2431
台玻,1802
易飛網,2734
熒茂,4729
笙泉,3122
富邦NASDAQ反1,00671R
元大S&P500反1,00648R
陸海,5603
凱鈺,5468
無敵,8201
燦星網,4930
榮群,8034
易通展,6241
太設,2506
太子,2511
金麗-KY,8429
國泰日本反1,00659R
云辰,2390
高林,2906
麗臺,2465
志聯,2024
星雲,8047
訊達,6140
華東,8110
華豐,2109
國泰中國A50反1,00656R
國票金,2889
聯邦銀,2838
益航,2601
迎輝,3523
佳和,1449
阿瘦,8443
安瑞-KY,3664
鈺德,3050
擎亞,8096
歐格,3002
嘉鋼,2067
,
三商電,2427
台達化,1309
新美齊,2442
中電,1611
鄉林,5531
宏泰,1612
毛寶,1732
瑞軒,2489
聯成,1313
協易機,4533
佑華,8024
群益證,6005
南紡,1440
大亞,1609
台榮,1220
元大特股高息N,020008
昇華,4806
富強鑫,6603
元大台灣50反1,00632R
富邦深100,00639
驊宏資,6148
建達,6118
建國,5515
兆遠,4944
利華,1423
力麒,5512
雷虎,8033
康那香,9919
東森,2614
訊舟,3047
春源,2010
中環,2323
淇譽電,6247
德記,5902
圓剛,2417
新光金,2888
福裕,4513
迅杰,6243
上揚,6222
台火,9902
有益,9962
昶和,1468
嘉裕,1417
國泰美國道瓊+U,00668K
耿鼎,1524
彬台,3379
典範,3372
立益,1443
環泰,4207
地球,1324
,
士開,5324
高雄銀,2836
建通,2460
合邦,6103
宏洲,1413
華榮,1608
亞元,6109
台新MSCI中國正2,00766L
中鴻,2014
易威,1799
立碁,8111
中石化,1314
開發金,2883
磐亞,4707
日盛金,5820
弘裕,1474
吉祥全,2491
正達,3149
天良,4127
國泰日經225+U,00657K
新昕纖,4406
飛宏,2457
漢康,5205
力麗,1444
鈺創,5351
燁輝,2023
森寶,3489
福邦證,6026
致和證,5864
威致,2028
新鋼,2032
宏遠,1460
牧東,4950
佳大,2033
第一銅,2009
利奇,1517
華航,2610
欣厚-KY,4924
華紙,1905
寶徠,1805
憶聲,3024
宏易,4530
太空梭,2440
慧友,5484
建錩,5014
菱生,2369
精剛,1584
恩德,1528
宇環,3276
三晃,1721
,
合機,1618
康呈,6236
台開,2841
系統電,5309
邦泰,8935
FH香港反1,00651R
友達,2409
連展投控,3710
臺龍,6246
工信,5521
四維航,5608
南緯,1467
萬旭,6134
建舜電,3322
偉聯,9912
茂迪,6244
金橋,6133
普誠,6129
系通,5348
建暐,8092
聯上發,2537
光鼎,6226
大將,1453
和成,1810
矽統,2363
康和證,6016
得利影,6144
亞太電,3682
中纖,1718
一詮,2486
廣寰科,3287
昆盈,2365
集盛,1455
台富,1454
合世,1781
大東,1441
友勁,6142
麗正,2302
中工,2515
王道銀行,2897
商丞,8277
久正,6167
巨騰-DR,9136
李洲,3066
群創,3481
聚隆,1466
亞獅康-KY,6497
盛達,3027
幸福,1108
慶騰,4534
,
皇昌,2543
陽明,2609
神州-DR,910861
立德,3058
元晶,6443
麗嬰房,2911
方土昶,6265
志信,2611
華鎂鑫,8087
寶碩,5210
正德,2641
華義,3086
天蔥,2740
聯合再生能源,3576
百一,6152
海光,2038
東和,1414
志旭,8067
富邦上証+R,00625K
群益臺灣加權反1,00686R
力鵬,1447
錸德,2349
統懋,2434
愛之味,1217
國泰中國A50+U,00636K
大宇,1445
佶優,5452
東貝,2499
華興,6164
松普,5488
華容,5328
中福,1435
志嘉,5529
聯發,1459
和桐,1714
官田鋼,2017
彩晶,6116
宏遠證,6015
京晨科,6419
大魯閣,1432
亞矽,6113
全譜,6228
冠軍,1806
全友,2305
富邦臺灣加權反1,00676R
今皓,3011
勝昱,4304
誠美材,4960
元勝,4419
喬鼎,3057
,
立衛,5344
清惠,5259
力銘,3593
富裔,6264
富邦上証反1,00634R
大飲,1213
新建,2516
翔耀,2438
再生-KY,1337
頂晶科,3562
燦星旅,2719
福大,4402
保銳,8093
東華,1418
錦明,3230
聯德,3308
世紀,5314
富邦特選蘋果N,020000
太極,4934
太欣,5302
聚亨,2022
凱柏實業,3073
中視,9928
本盟,1475
達能,3686
佳總,5355
億泰,1616
晶宇,4131
天揚,5345
通訊-KY,6404
誠研,3494
正峰新,1538
燁興,2007
英格爾,8287
福華,8085
泰谷,3339
新世紀,3383
環瑞醫,4198
愛地雅,8933
瑞利,1512
友佳-DR,912398
虹光,2380
中美實,4702
尚茂,8291
富邦VIX,00677U
誠創,3536
華冠,8101
精熙-DR,9188
德宏,5475
悠克,6131
,
新利虹,2443
群益深証中小+R,00643K
力特,3051
泰金寶-DR,9105
合正,5381
鼎創達,5304
奧斯特,8080
科風,3043
倫飛,2364
及成,3095
首利,1471
新零售,3085
益通,3452
百徽,6259
晨訊科-DR,912000
天瀚,6225
恩得利,1333
越南控-DR,9110
劍湖山,5701
元隆,6287
東訊,2321
美德醫療-DR,9103
同方友友-DR,911868
華上,6289
明輝-DR,911608
杜康-DR,911616
陽光能源-DR,9157
聖馬丁-DR,910482
耀傑-DR,911619
